sub,ses,dir,stratum,mean_fc,skew,mean_fc_flag,skew_flag,fc_flag,temporal_flag,fd_exclude,any_internal_run_review,any_attention
sub-1001,ses-1,AP,ses-1/AP,0.06878351,0.24605091,False,False,False,False,False,False,False
sub-1001,ses-1,PA,ses-1/PA,0.1966803,-0.042680897,False,False,False,False,False,False,False
sub-1001,ses-2,AP,ses-2/AP,0.15096654,-0.0032059094,False,False,False,False,False,False,False
sub-1001,ses-2,PA,ses-2/PA,0.26922214,-0.12607749,False,False,False,False,False,False,False
sub-1002,ses-1,AP,ses-1/AP,0.26580045,-0.04732115,False,False,False,False,False,False,False
sub-1002,ses-1,PA,ses-1/PA,0.193809,-0.083464034,False,False,False,False,False,False,False
sub-1002,ses-2,AP,ses-2/AP,0.26146677,-0.16934264,False,False,False,False,False,False,False
sub-1002,ses-2,PA,ses-2/PA,0.15320568,0.13946024,False,False,False,False,False,False,False
sub-1003,ses-1,AP,ses-1/AP,0.060735296,0.2861413,False,False,False,False,False,False,False
sub-1003,ses-1,PA,ses-1/PA,0.047081206,0.31018084,False,False,False,False,False,False,False
sub-1003,ses-2,AP,ses-2/AP,0.046021175,0.2606001,False,False,False,False,False,False,False
sub-1003,ses-2,PA,ses-2/PA,0.04419321,0.28457978,False,False,False,False,False,False,False
sub-1004,ses-1,AP,ses-1/AP,0.11898039,0.026162667,False,False,False,False,False,False,False
sub-1004,ses-1,PA,ses-1/PA,0.0916998,0.092754,False,False,False,False,False,False,False
sub-1004,ses-2,AP,ses-2/AP,0.13939486,0.15862766,False,False,False,False,False,False,False
sub-1004,ses-2,PA,ses-2/PA,0.09143929,0.22423026,False,False,False,False,False,False,False
sub-1006,ses-1,AP,ses-1/AP,0.09500667,0.00059182744,False,False,False,False,False,False,False
sub-1006,ses-1,PA,ses-1/PA,0.14798707,-0.055780794,False,False,False,False,False,False,False
sub-1006,ses-2,AP,ses-2/AP,0.14366883,0.033248417,False,False,False,False,False,False,False
sub-1006,ses-2,PA,ses-2/PA,0.14104936,0.024824841,False,False,False,False,False,False,False
sub-1009,ses-1,AP,ses-1/AP,0.10365249,0.103004225,False,False,False,False,False,False,False
sub-1009,ses-1,PA,ses-1/PA,0.112918854,0.04382271,False,False,False,False,False,False,False
sub-1009,ses-2,AP,ses-2/AP,0.16303974,-0.025737137,False,False,False,False,False,False,False
sub-1009,ses-2,PA,ses-2/PA,0.13084827,0.13081263,False,False,False,False,False,False,False
sub-1010,ses-1,AP,ses-1/AP,0.06113759,0.19212475,False,False,False,False,False,False,False
sub-1010,ses-1,PA,ses-1/PA,0.03287952,0.18023959,False,False,False,False,False,False,False
sub-1010,ses-2,AP,ses-2/AP,0.09274671,0.14964163,False,False,False,False,False,False,False
sub-1010,ses-2,PA,ses-2/PA,0.07899462,0.24731734,False,False,False,False,False,False,False
sub-1012,ses-1,AP,ses-1/AP,0.03941306,0.23989391,False,False,False,False,False,False,False
sub-1012,ses-1,PA,ses-1/PA,0.08084906,0.14361882,False,False,False,False,False,False,False
sub-1012,ses-2,AP,ses-2/AP,0.052291565,0.3847665,False,False,False,False,False,False,False
sub-1012,ses-2,PA,ses-2/PA,0.04602475,0.21984945,False,False,False,False,False,False,False
sub-1013,ses-1,AP,ses-1/AP,0.06270571,0.17897548,False,False,False,False,False,False,False
sub-1013,ses-1,PA,ses-1/PA,0.15011309,0.18161015,False,False,False,False,False,False,False
sub-1013,ses-2,AP,ses-2/AP,0.09347195,0.060047932,False,False,False,False,False,False,False
sub-1013,ses-2,PA,ses-2/PA,0.06927432,0.093292385,False,False,False,False,False,False,False
sub-1015,ses-1,AP,ses-1/AP,0.123996206,0.028861884,False,False,False,False,False,False,False
sub-1015,ses-1,PA,ses-1/PA,0.19760671,0.024066353,False,False,False,False,False,False,False
sub-1015,ses-2,AP,ses-2/AP,0.09403633,0.019257352,False,False,False,False,False,False,False
sub-1015,ses-2,PA,ses-2/PA,0.0962494,0.0690652,False,False,False,False,False,False,False
sub-1017,ses-1,AP,ses-1/AP,0.0635725,0.29348472,False,False,False,False,False,False,False
sub-1017,ses-1,PA,ses-1/PA,0.09551941,0.25720033,False,False,False,False,False,False,False
sub-1017,ses-2,AP,ses-2/AP,0.117253244,0.16346799,False,False,False,False,False,False,False
sub-1017,ses-2,PA,ses-2/PA,0.22234264,-0.09868121,False,False,False,False,False,False,False
sub-1018,ses-1,AP,ses-1/AP,0.08572413,0.12495264,False,False,False,False,False,False,False
sub-1018,ses-1,PA,ses-1/PA,0.16901964,-0.062228706,False,False,False,False,False,False,False
sub-1018,ses-2,AP,ses-2/AP,0.07329214,0.20202492,False,False,False,False,False,False,False
sub-1018,ses-2,PA,ses-2/PA,0.2110369,0.12815078,False,False,False,False,False,False,False
sub-1019,ses-1,AP,ses-1/AP,0.1483205,0.020953631,False,False,False,False,False,False,False
sub-1019,ses-1,PA,ses-1/PA,0.14701745,0.08740187,False,False,False,False,False,False,False
sub-1019,ses-2,AP,ses-2/AP,0.11739923,0.15520808,False,False,False,False,False,False,False
sub-1019,ses-2,PA,ses-2/PA,0.09660096,0.21868038,False,False,False,False,False,False,False
sub-1020,ses-1,AP,ses-1/AP,0.08842643,-0.00017532217,False,False,False,False,False,False,False
sub-1020,ses-1,PA,ses-1/PA,0.10515426,0.16732164,False,False,False,False,False,False,False
sub-1020,ses-2,AP,ses-2/AP,0.04108852,0.30382916,False,False,False,False,False,False,False
sub-1020,ses-2,PA,ses-2/PA,0.07091643,0.23210962,False,False,False,False,False,False,False
sub-1021,ses-1,AP,ses-1/AP,0.057935722,0.17589104,False,False,False,False,False,False,False
sub-1021,ses-1,PA,ses-1/PA,0.060577698,0.08897599,False,False,False,False,False,False,False
sub-1021,ses-2,AP,ses-2/AP,0.112132154,0.027190402,False,False,False,False,False,False,False
sub-1021,ses-2,PA,ses-2/PA,0.07771862,0.18257347,False,False,False,False,False,False,False
sub-1024,ses-1,AP,ses-1/AP,0.06499912,0.1472724,False,False,False,False,False,False,False
sub-1024,ses-1,PA,ses-1/PA,0.09480119,0.14226276,False,False,False,False,False,False,False
sub-1024,ses-2,AP,ses-2/AP,0.13945901,-0.121057436,False,False,False,False,False,False,False
sub-1024,ses-2,PA,ses-2/PA,0.084994934,0.19469881,False,False,False,False,False,False,False
sub-1025,ses-1,AP,ses-1/AP,0.16238351,0.1422082,False,False,False,False,False,False,False
sub-1025,ses-1,PA,ses-1/PA,0.12938237,0.029758649,False,False,False,False,False,False,False
sub-1025,ses-2,AP,ses-2/AP,0.10014819,0.27242813,False,False,False,False,False,False,False
sub-1025,ses-2,PA,ses-2/PA,0.15539917,0.13387255,False,False,False,False,False,False,False
sub-1026,ses-1,AP,ses-1/AP,0.081152886,0.039962474,False,False,False,False,False,False,False
sub-1026,ses-1,PA,ses-1/PA,0.048423667,0.07312665,False,False,False,False,False,False,False
sub-1026,ses-2,AP,ses-2/AP,0.088754945,0.091853075,False,False,False,False,False,False,False
sub-1026,ses-2,PA,ses-2/PA,0.11155679,0.09184878,False,False,False,False,False,False,False
sub-1027,ses-1,AP,ses-1/AP,0.05811156,0.2712073,False,False,False,False,False,False,False
sub-1027,ses-1,PA,ses-1/PA,0.054429878,0.20261218,False,False,False,False,False,False,False
sub-1027,ses-2,AP,ses-2/AP,0.25413293,-0.18208556,False,False,False,False,True,False,True
sub-1027,ses-2,PA,ses-2/PA,0.29785115,-0.18282928,False,False,False,False,True,False,True
sub-1028,ses-1,AP,ses-1/AP,0.10184798,0.05758228,False,False,False,False,False,False,False
sub-1028,ses-1,PA,ses-1/PA,0.10142825,0.10759667,False,False,False,False,False,False,False
sub-1028,ses-2,AP,ses-2/AP,0.20396619,-0.11607619,False,False,False,False,False,False,False
sub-1028,ses-2,PA,ses-2/PA,0.1055668,0.207694,False,False,False,False,False,False,False
sub-1029,ses-1,AP,ses-1/AP,0.09000254,0.13242258,False,False,False,False,False,False,False
sub-1029,ses-1,PA,ses-1/PA,0.10862397,0.049178712,False,False,False,False,False,False,False
sub-1029,ses-2,AP,ses-2/AP,0.058944695,0.33574334,False,False,False,False,False,False,False
sub-1029,ses-2,PA,ses-2/PA,0.11310303,0.0126820775,False,False,False,False,False,False,False
sub-1030,ses-1,AP,ses-1/AP,0.28359488,-0.01371833,True,False,True,False,False,True,True
sub-1030,ses-1,PA,ses-1/PA,0.16349137,0.038946528,False,False,False,False,True,False,True
sub-1030,ses-2,AP,ses-2/AP,0.17935067,0.016918398,False,False,False,False,False,False,False
sub-1030,ses-2,PA,ses-2/PA,0.18045737,-0.003589018,False,False,False,False,False,False,False
sub-1031,ses-1,AP,ses-1/AP,0.047581878,0.25963026,False,False,False,False,False,False,False
sub-1031,ses-1,PA,ses-1/PA,0.07217074,0.10210949,False,False,False,False,False,False,False
sub-1031,ses-2,AP,ses-2/AP,0.13031788,0.11071572,False,False,False,False,False,False,False
sub-1031,ses-2,PA,ses-2/PA,0.059493627,0.091985285,False,False,False,False,False,False,False
sub-1032,ses-1,AP,ses-1/AP,0.06440333,0.07952669,False,False,False,False,False,False,False
sub-1032,ses-1,PA,ses-1/PA,0.08221831,0.19161014,False,False,False,False,False,False,False
sub-1032,ses-2,AP,ses-2/AP,0.034837637,0.29562968,False,False,False,False,False,False,False
sub-1032,ses-2,PA,ses-2/PA,0.16809382,0.0052938983,False,False,False,False,False,False,False
sub-1033,ses-1,AP,ses-1/AP,0.03981974,0.21827492,False,False,False,False,False,False,False
sub-1033,ses-1,PA,ses-1/PA,0.065899,0.25736362,False,False,False,False,False,False,False
sub-1033,ses-2,AP,ses-2/AP,0.032852843,0.25999883,False,False,False,False,False,False,False
sub-1033,ses-2,PA,ses-2/PA,0.04693838,0.32719526,False,False,False,False,False,False,False
sub-1034,ses-1,AP,ses-1/AP,0.048107017,0.0896006,False,False,False,False,False,False,False
sub-1034,ses-1,PA,ses-1/PA,0.070802346,0.10860124,False,False,False,False,False,False,False
sub-1034,ses-2,AP,ses-2/AP,0.054061074,0.19313179,False,False,False,False,False,False,False
sub-1034,ses-2,PA,ses-2/PA,0.042314645,0.19240737,False,False,False,False,False,False,False
sub-1035,ses-1,AP,ses-1/AP,0.21532388,0.13682923,False,False,False,False,False,False,False
sub-1035,ses-1,PA,ses-1/PA,0.15150695,0.026675167,False,False,False,False,False,False,False
sub-1035,ses-2,AP,ses-2/AP,0.12591147,0.20742297,False,False,False,False,False,False,False
sub-1035,ses-2,PA,ses-2/PA,0.09342979,-0.011371206,False,False,False,False,False,False,False
sub-1036,ses-1,AP,ses-1/AP,0.06847071,0.14674917,False,False,False,False,False,False,False
sub-1036,ses-1,PA,ses-1/PA,0.046723418,0.27513006,False,False,False,False,False,False,False
sub-1036,ses-2,AP,ses-2/AP,0.10077108,0.16105233,False,False,False,False,False,False,False
sub-1036,ses-2,PA,ses-2/PA,0.034013014,0.18088251,False,False,False,False,False,False,False
sub-1037,ses-1,AP,ses-1/AP,0.09107185,0.19643512,False,False,False,False,False,False,False
sub-1037,ses-1,PA,ses-1/PA,0.28098953,-0.17477344,False,False,False,False,False,False,False
sub-1037,ses-2,AP,ses-2/AP,0.17761205,0.031620044,False,False,False,False,False,False,False
sub-1037,ses-2,PA,ses-2/PA,0.19065785,0.03435004,False,False,False,False,False,False,False
sub-1038,ses-1,AP,ses-1/AP,0.21368384,0.011431759,False,False,False,False,False,False,False
sub-1038,ses-1,PA,ses-1/PA,0.12761533,0.03217021,False,False,False,False,False,False,False
sub-1038,ses-2,AP,ses-2/AP,0.107108675,0.14111443,False,False,False,False,False,False,False
sub-1038,ses-2,PA,ses-2/PA,0.21341576,0.12777545,False,False,False,False,False,False,False
sub-1039,ses-1,AP,ses-1/AP,0.23170206,-0.2342079,False,False,False,False,False,False,False
sub-1039,ses-1,PA,ses-1/PA,0.113311276,0.09871815,False,False,False,False,False,False,False
sub-1039,ses-2,AP,ses-2/AP,0.2378918,-0.06788837,False,False,False,False,False,False,False
sub-1039,ses-2,PA,ses-2/PA,0.16074711,-0.0013438958,False,False,False,False,False,False,False
sub-1040,ses-1,AP,ses-1/AP,0.09903814,0.11236382,False,False,False,False,False,False,False
sub-1040,ses-1,PA,ses-1/PA,0.11691615,0.1650574,False,False,False,False,False,False,False
sub-1040,ses-2,AP,ses-2/AP,0.13210791,0.11307005,False,False,False,False,False,False,False
sub-1040,ses-2,PA,ses-2/PA,0.14619184,0.24314392,False,False,False,False,False,False,False
sub-1041,ses-1,AP,ses-1/AP,0.08979046,-0.0169899,False,False,False,False,False,False,False
sub-1041,ses-1,PA,ses-1/PA,0.11823651,0.07226176,False,False,False,False,False,False,False
sub-1041,ses-2,AP,ses-2/AP,0.07931753,0.032692358,False,False,False,False,False,False,False
sub-1041,ses-2,PA,ses-2/PA,0.100926004,0.15395749,False,False,False,False,False,False,False
sub-1043,ses-1,AP,ses-1/AP,0.12087264,0.056536485,False,False,False,False,False,False,False
sub-1043,ses-1,PA,ses-1/PA,0.22997797,-0.06789422,False,False,False,False,False,False,False
sub-1043,ses-2,AP,ses-2/AP,0.059496418,0.28139144,False,False,False,False,False,False,False
sub-1043,ses-2,PA,ses-2/PA,0.15479814,0.11739411,False,False,False,False,False,False,False
sub-1044,ses-1,AP,ses-1/AP,0.049138132,0.13509138,False,False,False,False,False,False,False
sub-1044,ses-1,PA,ses-1/PA,0.06425096,0.13513982,False,False,False,False,False,False,False
sub-1044,ses-2,AP,ses-2/AP,0.20021766,-0.036611877,False,False,False,False,False,False,False
sub-1044,ses-2,PA,ses-2/PA,0.028827664,0.24712498,False,False,False,False,True,False,True
sub-1045,ses-1,AP,ses-1/AP,0.15488902,-0.20016909,False,False,False,False,False,False,False
sub-1045,ses-1,PA,ses-1/PA,0.1746062,-0.04351051,False,False,False,False,False,False,False
sub-1045,ses-2,AP,ses-2/AP,0.26459217,-0.1572408,False,False,False,False,False,False,False
sub-1045,ses-2,PA,ses-2/PA,0.29191974,-0.049039867,False,False,False,False,False,False,False
sub-1047,ses-1,AP,ses-1/AP,0.3656933,-0.21889225,True,False,True,True,False,True,True
sub-1047,ses-1,PA,ses-1/PA,0.17284937,-0.027506014,False,False,False,False,False,False,False
sub-1047,ses-2,AP,ses-2/AP,0.119776174,0.14438997,False,False,False,False,False,False,False
sub-1047,ses-2,PA,ses-2/PA,0.17201751,0.0817609,False,False,False,False,False,False,False
sub-1048,ses-1,AP,ses-1/AP,0.11736788,0.14524443,False,False,False,False,False,False,False
sub-1048,ses-1,PA,ses-1/PA,0.2686693,-0.16663541,False,False,False,True,False,True,True
sub-1048,ses-2,AP,ses-2/AP,0.18295331,0.024413101,False,False,False,False,False,False,False
sub-1048,ses-2,PA,ses-2/PA,0.1816114,-0.08986388,False,False,False,False,False,False,False
sub-1050,ses-1,AP,ses-1/AP,0.15439084,0.12700388,False,False,False,False,False,False,False
sub-1050,ses-1,PA,ses-1/PA,0.12867112,0.11409155,False,False,False,False,False,False,False
sub-1050,ses-2,AP,ses-2/AP,0.113709144,0.27030626,False,False,False,False,False,False,False
sub-1050,ses-2,PA,ses-2/PA,0.09323251,0.14813672,False,False,False,False,False,False,False
sub-1051,ses-1,AP,ses-1/AP,0.12333115,-0.06386147,False,False,False,False,False,False,False
sub-1051,ses-1,PA,ses-1/PA,0.04984225,0.2692674,False,False,False,False,False,False,False
sub-1051,ses-2,AP,ses-2/AP,0.1245094,0.06860331,False,False,False,False,False,False,False
sub-1051,ses-2,PA,ses-2/PA,0.04550551,0.15309623,False,False,False,False,False,False,False
sub-1052,ses-1,AP,ses-1/AP,0.057345685,0.21415868,False,False,False,False,False,False,False
sub-1052,ses-1,PA,ses-1/PA,0.16253656,0.17013817,False,False,False,False,False,False,False
sub-1052,ses-2,AP,ses-2/AP,0.08781139,0.085750066,False,False,False,False,False,False,False
sub-1052,ses-2,PA,ses-2/PA,0.050686378,0.26955986,False,False,False,False,False,False,False
sub-1053,ses-1,AP,ses-1/AP,0.27010223,-0.22379334,False,False,False,True,False,True,True
sub-1053,ses-1,PA,ses-1/PA,0.08742171,0.08294192,False,False,False,False,False,False,False
sub-1053,ses-2,AP,ses-2/AP,0.19157094,-0.05908629,False,False,False,False,False,False,False
sub-1053,ses-2,PA,ses-2/PA,0.06483323,0.19913156,False,False,False,False,False,False,False
sub-1054,ses-1,AP,ses-1/AP,0.23794325,-0.023123482,False,False,False,False,False,False,False
sub-1054,ses-1,PA,ses-1/PA,0.21113652,0.021085693,False,False,False,False,False,False,False
sub-1054,ses-2,AP,ses-2/AP,0.17598628,0.033050798,False,False,False,False,False,False,False
sub-1054,ses-2,PA,ses-2/PA,0.1504787,0.07151656,False,False,False,False,False,False,False
sub-1056,ses-1,AP,ses-1/AP,0.12598774,0.19259441,False,False,False,False,False,False,False
sub-1056,ses-1,PA,ses-1/PA,0.123515606,0.21446045,False,False,False,False,False,False,False
sub-1056,ses-2,AP,ses-2/AP,0.09517,0.11534623,False,False,False,False,False,False,False
sub-1056,ses-2,PA,ses-2/PA,0.10433784,0.029329563,False,False,False,False,False,False,False
sub-1057,ses-1,AP,ses-1/AP,0.14327171,0.053102866,False,False,False,False,False,False,False
sub-1057,ses-1,PA,ses-1/PA,0.052605182,0.13775727,False,False,False,False,False,False,False
sub-1057,ses-2,AP,ses-2/AP,0.13938528,-0.018464318,False,False,False,False,False,False,False
sub-1057,ses-2,PA,ses-2/PA,0.110970095,0.07568965,False,False,False,False,False,False,False
sub-1060,ses-1,AP,ses-1/AP,0.08227851,0.07247689,False,False,False,False,False,False,False
sub-1060,ses-1,PA,ses-1/PA,0.16821522,0.012140452,False,False,False,False,False,False,False
sub-1060,ses-2,AP,ses-2/AP,0.21425557,-0.02866507,False,False,False,False,False,False,False
sub-1060,ses-2,PA,ses-2/PA,0.10804609,0.13589516,False,False,False,False,True,False,True
sub-1061,ses-1,AP,ses-1/AP,0.11070413,0.06510549,False,False,False,False,False,False,False
sub-1061,ses-1,PA,ses-1/PA,0.07385587,0.15530485,False,False,False,False,False,False,False
sub-1061,ses-2,AP,ses-2/AP,0.083834715,0.11596882,False,False,False,False,False,False,False
sub-1061,ses-2,PA,ses-2/PA,0.08309137,0.115687504,False,False,False,False,False,False,False
sub-1063,ses-1,AP,ses-1/AP,0.071887106,0.28669032,False,False,False,False,False,False,False
sub-1063,ses-1,PA,ses-1/PA,0.14312063,0.14053102,False,False,False,False,False,False,False
sub-1063,ses-2,AP,ses-2/AP,0.056991193,0.3067894,False,False,False,False,False,False,False
sub-1063,ses-2,PA,ses-2/PA,0.16053101,0.032094575,False,False,False,False,False,False,False
sub-1064,ses-1,AP,ses-1/AP,0.0559875,0.22645372,False,False,False,False,False,False,False
sub-1064,ses-1,PA,ses-1/PA,0.05831514,0.15380885,False,False,False,False,False,False,False
sub-1064,ses-2,AP,ses-2/AP,0.1542807,0.08557992,False,False,False,False,False,False,False
sub-1064,ses-2,PA,ses-2/PA,0.11267802,0.06343424,False,False,False,False,True,False,True
sub-1065,ses-1,AP,ses-1/AP,0.15601085,0.08724045,False,False,False,False,True,False,True
sub-1065,ses-1,PA,ses-1/PA,0.2470766,-0.092771985,False,False,False,False,False,False,False
sub-1065,ses-2,AP,ses-2/AP,0.17824568,-0.007952358,False,False,False,False,False,False,False
sub-1065,ses-2,PA,ses-2/PA,0.10586357,0.02469774,False,False,False,False,True,False,True
sub-1066,ses-1,AP,ses-1/AP,0.09693961,0.063317664,False,False,False,False,False,False,False
sub-1066,ses-1,PA,ses-1/PA,0.08971145,0.0956348,False,False,False,False,False,False,False
sub-1066,ses-2,AP,ses-2/AP,0.10024963,0.11853755,False,False,False,False,False,False,False
sub-1066,ses-2,PA,ses-2/PA,0.16359301,-0.013035469,False,False,False,False,False,False,False
sub-1067,ses-1,AP,ses-1/AP,0.048418447,0.15452082,False,False,False,False,False,False,False
sub-1067,ses-1,PA,ses-1/PA,0.06569,0.18132338,False,False,False,False,False,False,False
sub-1067,ses-2,AP,ses-2/AP,0.06360603,0.2656939,False,False,False,False,False,False,False
sub-1067,ses-2,PA,ses-2/PA,0.053640284,0.26780638,False,False,False,False,False,False,False
sub-1069,ses-1,AP,ses-1/AP,0.21113159,-0.055212542,False,False,False,False,False,False,False
sub-1069,ses-1,PA,ses-1/PA,0.06984691,0.173659,False,False,False,False,False,False,False
sub-1069,ses-2,AP,ses-2/AP,0.3669658,-0.46830302,True,True,True,False,False,True,True
sub-1069,ses-2,PA,ses-2/PA,0.065614775,0.19299144,False,False,False,False,False,False,False
sub-1070,ses-1,AP,ses-1/AP,0.13541965,0.15297572,False,False,False,False,False,False,False
sub-1070,ses-1,PA,ses-1/PA,0.12240511,0.1052851,False,False,False,False,False,False,False
sub-1070,ses-2,AP,ses-2/AP,0.121972546,0.14799574,False,False,False,False,False,False,False
sub-1070,ses-2,PA,ses-2/PA,0.086753994,0.15420997,False,False,False,False,False,False,False
sub-1071,ses-1,AP,ses-1/AP,0.30209175,-0.25961173,True,False,True,True,False,True,True
sub-1071,ses-1,PA,ses-1/PA,0.12310599,-0.044484735,False,False,False,False,False,False,False
sub-1071,ses-2,AP,ses-2/AP,0.15575,0.05224865,False,False,False,False,False,False,False
sub-1071,ses-2,PA,ses-2/PA,0.13455495,0.04790574,False,False,False,False,False,False,False
sub-1072,ses-1,AP,ses-1/AP,0.10739936,0.06406948,False,False,False,False,False,False,False
sub-1072,ses-1,PA,ses-1/PA,0.025561444,0.16791932,False,False,False,False,False,False,False
sub-1072,ses-2,AP,ses-2/AP,0.105459996,0.0082836645,False,False,False,False,False,False,False
sub-1072,ses-2,PA,ses-2/PA,0.046262424,0.12488647,False,False,False,False,False,False,False
sub-1073,ses-1,AP,ses-1/AP,0.28840005,-0.117373176,True,False,True,False,False,True,True
sub-1073,ses-1,PA,ses-1/PA,0.14003158,0.0621984,False,False,False,False,False,False,False
sub-1073,ses-2,AP,ses-2/AP,0.35934418,-0.26004615,True,False,True,False,True,True,True
sub-1073,ses-2,PA,ses-2/PA,0.26142552,-0.13655503,False,False,False,True,True,True,True
sub-1074,ses-1,AP,ses-1/AP,0.11681887,-0.06539558,False,False,False,False,False,False,False
sub-1074,ses-1,PA,ses-1/PA,0.12285741,0.04498715,False,False,False,False,False,False,False
sub-1074,ses-2,AP,ses-2/AP,0.11618865,0.16067666,False,False,False,False,False,False,False
sub-1074,ses-2,PA,ses-2/PA,0.04181191,0.13591638,False,False,False,False,False,False,False
sub-1075,ses-1,AP,ses-1/AP,0.12895574,0.03191774,False,False,False,False,False,False,False
sub-1075,ses-1,PA,ses-1/PA,0.17677854,-0.010422343,False,False,False,False,False,False,False
sub-1075,ses-2,AP,ses-2/AP,0.28491968,-0.2492695,False,False,False,False,False,False,False
sub-1075,ses-2,PA,ses-2/PA,0.21579091,0.015505965,False,False,False,False,False,False,False
sub-1076,ses-1,AP,ses-1/AP,0.13427238,0.16949673,False,False,False,False,False,False,False
sub-1076,ses-1,PA,ses-1/PA,0.13733472,0.10597347,False,False,False,False,False,False,False
sub-1076,ses-2,AP,ses-2/AP,0.06846826,0.19251278,False,False,False,False,False,False,False
sub-1076,ses-2,PA,ses-2/PA,0.12533028,0.05956973,False,False,False,False,False,False,False
sub-1077,ses-1,AP,ses-1/AP,0.092760816,0.0527431,False,False,False,False,False,False,False
sub-1077,ses-1,PA,ses-1/PA,0.09762665,0.13563998,False,False,False,False,False,False,False
sub-1077,ses-2,AP,ses-2/AP,0.070668645,0.1743563,False,False,False,False,False,False,False
sub-1077,ses-2,PA,ses-2/PA,0.089794524,0.15985075,False,False,False,False,False,False,False
sub-1078,ses-1,AP,ses-1/AP,0.036041636,0.34927195,False,False,False,False,False,False,False
sub-1078,ses-1,PA,ses-1/PA,0.101301335,0.15901458,False,False,False,False,False,False,False
sub-1078,ses-2,AP,ses-2/AP,0.08917934,0.17034242,False,False,False,False,False,False,False
sub-1078,ses-2,PA,ses-2/PA,0.14202547,0.04015209,False,False,False,False,False,False,False
sub-1079,ses-1,AP,ses-1/AP,0.061785866,0.32573542,False,False,False,False,False,False,False
sub-1079,ses-1,PA,ses-1/PA,0.08766883,0.102739796,False,False,False,False,False,False,False
sub-1079,ses-2,AP,ses-2/AP,0.06243284,0.33642972,False,False,False,False,False,False,False
sub-1079,ses-2,PA,ses-2/PA,0.101341106,0.11075959,False,False,False,False,False,False,False
sub-1080,ses-1,AP,ses-1/AP,0.087803155,0.13833483,False,False,False,False,False,False,False
sub-1080,ses-1,PA,ses-1/PA,0.10427259,0.1959353,False,False,False,False,False,False,False
sub-1080,ses-2,AP,ses-2/AP,0.095702395,0.12822884,False,False,False,False,False,False,False
sub-1080,ses-2,PA,ses-2/PA,0.06835177,0.22547033,False,False,False,False,False,False,False
sub-1081,ses-1,AP,ses-1/AP,0.07399623,0.20196913,False,False,False,False,False,False,False
sub-1081,ses-1,PA,ses-1/PA,0.07944894,0.12737133,False,False,False,False,False,False,False
sub-1081,ses-2,AP,ses-2/AP,0.09316643,0.024744958,False,False,False,False,False,False,False
sub-1081,ses-2,PA,ses-2/PA,0.09469539,0.18046358,False,False,False,False,False,False,False
sub-1082,ses-1,AP,ses-1/AP,0.1487456,-0.10577977,False,False,False,False,False,False,False
sub-1082,ses-1,PA,ses-1/PA,0.1968609,-0.1564861,False,False,False,False,False,False,False
sub-1082,ses-2,AP,ses-2/AP,0.19028513,-0.10197412,False,False,False,False,False,False,False
sub-1082,ses-2,PA,ses-2/PA,0.17024839,0.10215946,False,False,False,False,False,False,False
sub-1083,ses-1,AP,ses-1/AP,0.10327816,0.12288687,False,False,False,False,False,False,False
sub-1083,ses-1,PA,ses-1/PA,0.036243018,0.24930827,False,False,False,False,False,False,False
sub-1083,ses-2,AP,ses-2/AP,0.04963542,0.28555736,False,False,False,False,False,False,False
sub-1083,ses-2,PA,ses-2/PA,0.05949602,0.25430068,False,False,False,False,False,False,False
sub-1084,ses-1,AP,ses-1/AP,0.12016858,0.12160173,False,False,False,False,False,False,False
sub-1084,ses-1,PA,ses-1/PA,0.06497809,0.18393579,False,False,False,False,False,False,False
sub-1084,ses-2,AP,ses-2/AP,0.057803497,0.15597048,False,False,False,False,False,False,False
sub-1084,ses-2,PA,ses-2/PA,0.058595475,0.21147318,False,False,False,False,False,False,False
sub-1085,ses-1,AP,ses-1/AP,0.12089893,0.15201372,False,False,False,False,False,False,False
sub-1085,ses-1,PA,ses-1/PA,0.10712489,0.10177561,False,False,False,False,False,False,False
sub-1085,ses-2,AP,ses-2/AP,0.086774334,0.15913194,False,False,False,False,False,False,False
sub-1085,ses-2,PA,ses-2/PA,0.16899009,-0.08424624,False,False,False,False,False,False,False
sub-1086,ses-1,AP,ses-1/AP,0.20893358,-0.09426401,False,False,False,False,False,False,False
sub-1086,ses-1,PA,ses-1/PA,0.20089145,-0.067695536,False,False,False,False,False,False,False
sub-1086,ses-2,AP,ses-2/AP,0.37440273,-0.41768846,True,True,True,False,True,True,True
sub-1086,ses-2,PA,ses-2/PA,0.17459916,0.06295002,False,False,False,False,True,False,True
sub-1087,ses-1,AP,ses-1/AP,0.06521603,0.3976271,False,False,False,False,False,False,False
sub-1087,ses-1,PA,ses-1/PA,0.14535914,0.21421096,False,False,False,False,False,False,False
sub-1087,ses-2,AP,ses-2/AP,0.25042576,-0.014813693,False,False,False,False,False,False,False
sub-1087,ses-2,PA,ses-2/PA,0.15843967,0.20091206,False,False,False,False,False,False,False
sub-1088,ses-1,AP,ses-1/AP,0.0711904,0.09011388,False,False,False,False,False,False,False
sub-1088,ses-1,PA,ses-1/PA,0.11160506,0.05507351,False,False,False,False,False,False,False
sub-1088,ses-2,AP,ses-2/AP,0.13991298,0.11765523,False,False,False,False,False,False,False
sub-1088,ses-2,PA,ses-2/PA,0.13986942,-0.09741404,False,False,False,False,False,False,False
sub-1089,ses-1,AP,ses-1/AP,0.06119621,-0.0064004976,False,False,False,False,False,False,False
sub-1089,ses-1,PA,ses-1/PA,0.04467103,0.31273127,False,False,False,False,False,False,False
sub-1089,ses-2,AP,ses-2/AP,0.088075995,0.17457254,False,False,False,False,False,False,False
sub-1089,ses-2,PA,ses-2/PA,0.13063845,-0.0143808015,False,False,False,False,False,False,False
sub-1091,ses-1,AP,ses-1/AP,0.08268762,0.027821746,False,False,False,False,False,False,False
sub-1091,ses-1,PA,ses-1/PA,0.0924516,-0.010000804,False,False,False,False,False,False,False
sub-1091,ses-2,AP,ses-2/AP,0.10962911,-0.10524978,False,False,False,False,False,False,False
sub-1091,ses-2,PA,ses-2/PA,0.14131051,0.022646734,False,False,False,False,False,False,False
sub-1093,ses-1,AP,ses-1/AP,0.1331054,0.10479078,False,False,False,False,False,False,False
sub-1093,ses-1,PA,ses-1/PA,0.2494837,-0.1065513,False,False,False,False,False,False,False
sub-1093,ses-2,AP,ses-2/AP,0.12031356,0.3651605,False,False,False,False,False,False,False
sub-1093,ses-2,PA,ses-2/PA,0.15281515,0.2060477,False,False,False,False,False,False,False
sub-1094,ses-1,AP,ses-1/AP,0.06926162,0.028540561,False,False,False,False,False,False,False
sub-1094,ses-1,PA,ses-1/PA,0.057788774,0.15204023,False,False,False,False,False,False,False
sub-1094,ses-2,AP,ses-2/AP,0.11546235,0.09880295,False,False,False,False,False,False,False
sub-1094,ses-2,PA,ses-2/PA,0.043741066,0.24274178,False,False,False,False,False,False,False
sub-1095,ses-1,AP,ses-1/AP,0.101930514,0.00061927555,False,False,False,False,False,False,False
sub-1095,ses-1,PA,ses-1/PA,0.13577817,0.14011733,False,False,False,False,False,False,False
sub-1095,ses-2,AP,ses-2/AP,0.11034851,0.16734679,False,False,False,False,False,False,False
sub-1095,ses-2,PA,ses-2/PA,0.16597736,0.01198829,False,False,False,False,False,False,False
sub-1098,ses-1,AP,ses-1/AP,0.40586802,-0.42233568,True,True,True,False,False,True,True
sub-1098,ses-1,PA,ses-1/PA,0.28460062,-0.2051234,False,False,False,False,False,False,False
sub-1098,ses-2,AP,ses-2/AP,0.33229232,-0.19678274,True,False,True,False,False,True,True
sub-1098,ses-2,PA,ses-2/PA,0.39979982,-0.36074677,True,True,True,False,False,True,True
sub-1099,ses-1,AP,ses-1/AP,0.17198822,0.009985406,False,False,False,False,False,False,False
sub-1099,ses-1,PA,ses-1/PA,0.14363138,-0.0027307272,False,False,False,False,False,False,False
sub-1099,ses-2,AP,ses-2/AP,0.09386325,0.2918011,False,False,False,False,False,False,False
sub-1099,ses-2,PA,ses-2/PA,0.11648152,0.012582242,False,False,False,False,False,False,False
sub-1104,ses-1,AP,ses-1/AP,0.05127401,0.2246916,False,False,False,False,False,False,False
sub-1104,ses-1,PA,ses-1/PA,0.0719729,0.23396002,False,False,False,False,False,False,False
sub-1104,ses-2,AP,ses-2/AP,0.06163985,0.19627994,False,False,False,False,False,False,False
sub-1104,ses-2,PA,ses-2/PA,0.14616257,-0.057753302,False,False,False,False,False,False,False
sub-1105,ses-1,AP,ses-1/AP,0.12086386,0.11483082,False,False,False,False,False,False,False
sub-1105,ses-1,PA,ses-1/PA,0.15887916,0.085045926,False,False,False,False,False,False,False
sub-1105,ses-2,AP,ses-2/AP,0.06678475,0.15427114,False,False,False,False,False,False,False
sub-1105,ses-2,PA,ses-2/PA,0.03705346,0.21450618,False,False,False,False,False,False,False
sub-2001,ses-1,AP,ses-1/AP,0.040822156,0.2165714,False,False,False,False,False,False,False
sub-2001,ses-1,PA,ses-1/PA,0.050693974,0.19771239,False,False,False,False,False,False,False
sub-2001,ses-2,AP,ses-2/AP,0.010282839,0.42713976,False,False,False,False,False,False,False
sub-2001,ses-2,PA,ses-2/PA,0.03000366,0.26419196,False,False,False,False,False,False,False
sub-2004,ses-1,AP,ses-1/AP,0.11961019,0.25522026,False,False,False,False,False,False,False
sub-2004,ses-1,PA,ses-1/PA,0.09745075,0.2056765,False,False,False,False,False,False,False
sub-2004,ses-2,AP,ses-2/AP,0.07538789,0.14600134,False,False,False,False,False,False,False
sub-2004,ses-2,PA,ses-2/PA,0.13328107,0.08723305,False,False,False,False,False,False,False
sub-2005,ses-1,AP,ses-1/AP,0.05980836,0.18135625,False,False,False,False,False,False,False
sub-2005,ses-1,PA,ses-1/PA,0.1984946,-0.097904935,False,False,False,False,False,False,False
sub-2005,ses-2,AP,ses-2/AP,0.08191214,0.20029014,False,False,False,False,False,False,False
sub-2005,ses-2,PA,ses-2/PA,0.077581085,0.06917815,False,False,False,False,True,False,True
sub-2006,ses-1,AP,ses-1/AP,0.108339906,0.04785784,False,False,False,False,False,False,False
sub-2006,ses-1,PA,ses-1/PA,0.030708503,0.19905595,False,False,False,False,False,False,False
sub-2006,ses-2,AP,ses-2/AP,0.084572,0.03717897,False,False,False,False,True,False,True
sub-2006,ses-2,PA,ses-2/PA,0.0653108,0.1372396,False,False,False,False,True,False,True
sub-2007,ses-1,AP,ses-1/AP,0.059723224,0.29926428,False,False,False,False,False,False,False
sub-2007,ses-1,PA,ses-1/PA,0.066545084,0.3545651,False,False,False,False,False,False,False
sub-2007,ses-2,AP,ses-2/AP,0.12014659,0.252559,False,False,False,False,False,False,False
sub-2007,ses-2,PA,ses-2/PA,0.053492736,0.25444403,False,False,False,False,False,False,False
sub-2008,ses-1,AP,ses-1/AP,0.091854274,0.20645489,False,False,False,False,False,False,False
sub-2008,ses-1,PA,ses-1/PA,0.12410765,0.21954823,False,False,False,False,False,False,False
sub-2008,ses-2,AP,ses-2/AP,0.14154775,0.1340092,False,False,False,False,False,False,False
sub-2008,ses-2,PA,ses-2/PA,0.16964257,0.18641302,False,False,False,False,False,False,False
sub-2010,ses-1,AP,ses-1/AP,0.15787743,-0.11654995,False,False,False,False,False,False,False
sub-2010,ses-1,PA,ses-1/PA,0.15995105,0.021754751,False,False,False,False,False,False,False
sub-2010,ses-2,AP,ses-2/AP,0.15304461,0.11336488,False,False,False,False,False,False,False
sub-2010,ses-2,PA,ses-2/PA,0.2708272,-0.3082919,False,False,False,False,False,False,False
sub-2012,ses-1,AP,ses-1/AP,0.06326458,0.08573178,False,False,False,False,False,False,False
sub-2012,ses-1,PA,ses-1/PA,0.044203028,0.24167624,False,False,False,False,False,False,False
sub-2012,ses-2,AP,ses-2/AP,0.08671719,0.13223971,False,False,False,False,False,False,False
sub-2012,ses-2,PA,ses-2/PA,0.0839704,0.15931237,False,False,False,False,False,False,False
sub-2015,ses-1,AP,ses-1/AP,0.07865823,0.21571979,False,False,False,False,False,False,False
sub-2015,ses-1,PA,ses-1/PA,0.03654101,0.24989529,False,False,False,False,False,False,False
sub-2015,ses-2,AP,ses-2/AP,0.085827574,0.120505676,False,False,False,False,False,False,False
sub-2015,ses-2,PA,ses-2/PA,0.05427347,0.20584184,False,False,False,False,False,False,False
sub-2016,ses-1,AP,ses-1/AP,0.09754593,-0.024423037,False,False,False,False,False,False,False
sub-2016,ses-1,PA,ses-1/PA,0.099545725,0.28995463,False,False,False,False,False,False,False
sub-2016,ses-2,AP,ses-2/AP,0.044478077,0.34457776,False,False,False,False,False,False,False
sub-2016,ses-2,PA,ses-2/PA,0.030957958,0.33447945,False,False,False,False,False,False,False
sub-2019,ses-1,AP,ses-1/AP,0.09671735,0.058286622,False,False,False,False,False,False,False
sub-2019,ses-1,PA,ses-1/PA,0.08574446,0.07972453,False,False,False,False,False,False,False
sub-2019,ses-2,AP,ses-2/AP,0.087596506,0.11881496,False,False,False,False,False,False,False
sub-2019,ses-2,PA,ses-2/PA,0.11241369,0.045651473,False,False,False,False,False,False,False
sub-2020,ses-1,AP,ses-1/AP,0.06300845,0.26852164,False,False,False,False,False,False,False
sub-2020,ses-1,PA,ses-1/PA,0.052549034,0.29790246,False,False,False,False,False,False,False
sub-2020,ses-2,AP,ses-2/AP,0.05231659,0.28105703,False,False,False,False,False,False,False
sub-2020,ses-2,PA,ses-2/PA,0.05197192,0.26549762,False,False,False,False,False,False,False
sub-2022,ses-1,AP,ses-1/AP,0.05074873,0.20672849,False,False,False,False,False,False,False
sub-2022,ses-1,PA,ses-1/PA,0.02124574,0.27016687,False,False,False,False,False,False,False
sub-2022,ses-2,AP,ses-2/AP,0.055445116,0.18073003,False,False,False,False,False,False,False
sub-2022,ses-2,PA,ses-2/PA,0.054539256,0.1754878,False,False,False,False,False,False,False
sub-2023,ses-1,AP,ses-1/AP,0.08797719,0.10354938,False,False,False,False,False,False,False
sub-2023,ses-1,PA,ses-1/PA,0.098237626,0.30505794,False,False,False,False,False,False,False
sub-2023,ses-2,AP,ses-2/AP,0.061039697,0.14313456,False,False,False,False,False,False,False
sub-2023,ses-2,PA,ses-2/PA,0.15571663,-0.022267176,False,False,False,False,False,False,False
sub-2028,ses-1,AP,ses-1/AP,0.105315246,0.10841833,False,False,False,False,False,False,False
sub-2028,ses-1,PA,ses-1/PA,0.049595263,0.2243866,False,False,False,False,False,False,False
sub-2028,ses-2,AP,ses-2/AP,0.17795438,0.008853876,False,False,False,False,False,False,False
sub-2028,ses-2,PA,ses-2/PA,0.048016496,0.21792005,False,False,False,False,False,False,False
sub-2029,ses-1,AP,ses-1/AP,0.086916216,0.1370677,False,False,False,False,False,False,False
sub-2029,ses-1,PA,ses-1/PA,0.03782333,0.3316195,False,False,False,False,False,False,False
sub-2029,ses-2,AP,ses-2/AP,0.062889375,0.2269489,False,False,False,False,False,False,False
sub-2029,ses-2,PA,ses-2/PA,0.091234714,0.2976071,False,False,False,False,False,False,False
sub-2031,ses-1,AP,ses-1/AP,0.1332065,-0.010701701,False,False,False,False,False,False,False
sub-2031,ses-1,PA,ses-1/PA,0.24133073,0.10095006,False,False,False,False,False,False,False
sub-2031,ses-2,AP,ses-2/AP,0.032159112,0.23894009,False,False,False,False,False,False,False
sub-2031,ses-2,PA,ses-2/PA,0.18283501,0.077134855,False,False,False,False,False,False,False
sub-2033,ses-1,AP,ses-1/AP,0.2407052,-0.12178307,False,False,False,False,False,False,False
sub-2033,ses-1,PA,ses-1/PA,0.16678277,0.008136249,False,False,False,False,False,False,False
sub-2033,ses-2,AP,ses-2/AP,0.06739409,0.21034914,False,False,False,False,False,False,False
sub-2033,ses-2,PA,ses-2/PA,0.061892282,0.23190884,False,False,False,False,False,False,False
sub-2040,ses-1,AP,ses-1/AP,0.23177011,0.06480101,False,False,False,False,False,False,False
sub-2040,ses-1,PA,ses-1/PA,0.103548825,0.10102221,False,False,False,False,False,False,False
sub-2040,ses-2,AP,ses-2/AP,0.15614785,0.0855282,False,False,False,False,False,False,False
sub-2040,ses-2,PA,ses-2/PA,0.26916382,-0.04652168,False,False,False,False,False,False,False
sub-2041,ses-1,AP,ses-1/AP,0.15663324,-0.008119579,False,False,False,False,True,False,True
sub-2041,ses-1,PA,ses-1/PA,0.12671354,0.21203835,False,False,False,True,True,True,True
sub-2041,ses-2,AP,ses-2/AP,0.12757373,0.080011524,False,False,False,False,False,False,False
sub-2041,ses-2,PA,ses-2/PA,0.05706761,0.29817605,False,False,False,False,False,False,False
sub-2042,ses-1,AP,ses-1/AP,0.2969011,-0.17477061,True,False,True,False,False,True,True
sub-2042,ses-1,PA,ses-1/PA,0.12570842,0.17171995,False,False,False,False,False,False,False
sub-2042,ses-2,AP,ses-2/AP,0.072129585,0.13949022,False,False,False,False,False,False,False
sub-2042,ses-2,PA,ses-2/PA,0.14945248,0.1589284,False,False,False,False,False,False,False
sub-2044,ses-1,AP,ses-1/AP,0.20906325,-0.13366139,False,False,False,False,False,False,False
sub-2044,ses-1,PA,ses-1/PA,0.14056945,-0.16595772,False,False,False,False,False,False,False
sub-2044,ses-2,AP,ses-2/AP,0.20968542,-0.16831188,False,False,False,False,False,False,False
sub-2044,ses-2,PA,ses-2/PA,0.095251195,0.056827813,False,False,False,False,False,False,False
sub-2045,ses-1,AP,ses-1/AP,0.051974114,0.28321633,False,False,False,False,False,False,False
sub-2045,ses-1,PA,ses-1/PA,0.16277394,-0.053009823,False,False,False,False,False,False,False
sub-2045,ses-2,AP,ses-2/AP,0.1179356,0.14407907,False,False,False,False,False,False,False
sub-2045,ses-2,PA,ses-2/PA,0.106111035,0.11192162,False,False,False,False,False,False,False
sub-2049,ses-1,AP,ses-1/AP,0.03389129,0.22627993,False,False,False,False,False,False,False
sub-2049,ses-1,PA,ses-1/PA,0.033393294,0.22151993,False,False,False,False,False,False,False
sub-2049,ses-2,AP,ses-2/AP,0.03450226,0.28198883,False,False,False,False,False,False,False
sub-2049,ses-2,PA,ses-2/PA,0.037346598,0.25841248,False,False,False,False,False,False,False
sub-2052,ses-1,AP,ses-1/AP,0.05419348,0.14192478,False,False,False,False,False,False,False
sub-2052,ses-1,PA,ses-1/PA,0.03681094,0.10779538,False,False,False,False,False,False,False
sub-2052,ses-2,AP,ses-2/AP,0.12592876,0.0128487,False,False,False,False,False,False,False
sub-2052,ses-2,PA,ses-2/PA,0.04097486,0.3120701,False,False,False,False,False,False,False
sub-2062,ses-1,AP,ses-1/AP,0.12420948,0.1084442,False,False,False,False,False,False,False
sub-2062,ses-1,PA,ses-1/PA,0.11856549,-0.07890111,False,False,False,False,False,False,False
sub-2062,ses-2,AP,ses-2/AP,0.12701565,-0.17463624,False,False,False,False,False,False,False
sub-2062,ses-2,PA,ses-2/PA,0.109511174,0.052537527,False,False,False,False,False,False,False
sub-2065,ses-1,AP,ses-1/AP,0.2541941,-0.2207773,False,False,False,False,False,False,False
sub-2065,ses-1,PA,ses-1/PA,0.23366927,-0.16100292,False,False,False,False,False,False,False
sub-2065,ses-2,AP,ses-2/AP,0.20595504,-0.035560105,False,False,False,False,False,False,False
sub-2065,ses-2,PA,ses-2/PA,0.22067052,-0.012711656,False,False,False,False,False,False,False
sub-3001,ses-1,AP,ses-1/AP,0.02197618,0.24476583,False,False,False,False,False,False,False
sub-3001,ses-1,PA,ses-1/PA,0.030767137,0.26306814,False,False,False,False,False,False,False
sub-3001,ses-2,AP,ses-2/AP,0.12166305,-0.06155708,False,False,False,False,False,False,False
sub-3001,ses-2,PA,ses-2/PA,0.0838015,0.17196164,False,False,False,False,False,False,False
sub-3002,ses-1,AP,ses-1/AP,0.043752216,0.20606056,False,False,False,False,False,False,False
sub-3002,ses-1,PA,ses-1/PA,0.04606193,0.22145085,False,False,False,False,False,False,False
sub-3002,ses-2,AP,ses-2/AP,0.043902982,0.19891779,False,False,False,False,False,False,False
sub-3002,ses-2,PA,ses-2/PA,0.022740114,0.22932898,False,False,False,False,False,False,False
sub-3009,ses-1,AP,ses-1/AP,0.019073827,0.18832214,False,False,False,False,False,False,False
sub-3009,ses-1,PA,ses-1/PA,0.017297193,0.22678849,False,False,False,False,False,False,False
sub-3009,ses-2,AP,ses-2/AP,0.035658393,0.18656416,False,False,False,False,False,False,False
sub-3009,ses-2,PA,ses-2/PA,0.026474962,0.2787182,False,False,False,False,False,False,False
sub-3011,ses-1,AP,ses-1/AP,0.12167555,0.123339005,False,False,False,False,False,False,False
sub-3011,ses-1,PA,ses-1/PA,0.0758173,0.20156662,False,False,False,False,False,False,False
sub-3011,ses-2,AP,ses-2/AP,0.09208563,0.06474932,False,False,False,False,False,False,False
sub-3011,ses-2,PA,ses-2/PA,0.06600025,0.21259786,False,False,False,False,False,False,False
sub-3017,ses-1,AP,ses-1/AP,0.13486913,0.03945107,False,False,False,False,False,False,False
sub-3017,ses-1,PA,ses-1/PA,0.5312808,-0.9199819,True,True,True,True,True,True,True
sub-3017,ses-2,AP,ses-2/AP,0.18652514,0.02756214,False,False,False,False,True,False,True
sub-3017,ses-2,PA,ses-2/PA,0.16975549,-0.004509797,False,False,False,False,False,False,False
sub-3022,ses-1,AP,ses-1/AP,0.093714945,0.18235427,False,False,False,False,False,False,False
sub-3022,ses-1,PA,ses-1/PA,0.09098459,0.1314043,False,False,False,False,False,False,False
sub-3022,ses-2,AP,ses-2/AP,0.24796386,-0.15729009,False,False,False,False,False,False,False
sub-3022,ses-2,PA,ses-2/PA,0.20836158,0.050280068,False,False,False,False,True,False,True
sub-3025,ses-1,AP,ses-1/AP,0.071533516,0.118162185,False,False,False,False,False,False,False
sub-3025,ses-1,PA,ses-1/PA,0.06537685,0.03222963,False,False,False,False,False,False,False
sub-3025,ses-2,AP,ses-2/AP,0.026488172,0.21882823,False,False,False,False,False,False,False
sub-3025,ses-2,PA,ses-2/PA,0.06732413,0.15910754,False,False,False,False,False,False,False
sub-3026,ses-1,AP,ses-1/AP,0.13157967,-0.016304243,False,False,False,False,False,False,False
sub-3026,ses-1,PA,ses-1/PA,0.061896913,0.120213136,False,False,False,False,False,False,False
sub-3026,ses-2,AP,ses-2/AP,0.17148273,-0.028698293,False,False,False,False,False,False,False
sub-3026,ses-2,PA,ses-2/PA,0.14718059,0.13280198,False,False,False,False,False,False,False
sub-3027,ses-1,AP,ses-1/AP,0.083360486,0.061210953,False,False,False,False,False,False,False
sub-3027,ses-1,PA,ses-1/PA,0.069433294,0.20459835,False,False,False,False,False,False,False
sub-3027,ses-2,AP,ses-2/AP,0.14039733,0.059927154,False,False,False,False,False,False,False
sub-3027,ses-2,PA,ses-2/PA,0.093136996,0.21051265,False,False,False,False,False,False,False
sub-3028,ses-1,AP,ses-1/AP,0.111926325,0.115840204,False,False,False,False,False,False,False
sub-3028,ses-1,PA,ses-1/PA,0.061854742,0.15127411,False,False,False,False,False,False,False
sub-3028,ses-2,AP,ses-2/AP,0.04487677,0.324955,False,False,False,False,False,False,False
sub-3028,ses-2,PA,ses-2/PA,0.088059016,0.22412278,False,False,False,False,False,False,False
sub-3029,ses-1,AP,ses-1/AP,0.039710846,0.3937732,False,False,False,False,False,False,False
sub-3029,ses-1,PA,ses-1/PA,0.059749648,0.38297927,False,False,False,False,False,False,False
sub-3029,ses-2,AP,ses-2/AP,0.12649068,-0.039793063,False,False,False,False,False,False,False
sub-3029,ses-2,PA,ses-2/PA,0.32756898,-0.0327069,True,False,True,False,False,True,True
sub-3031,ses-1,AP,ses-1/AP,0.13737945,0.06027503,False,False,False,False,False,False,False
sub-3031,ses-1,PA,ses-1/PA,0.077229984,0.25141656,False,False,False,False,False,False,False
sub-3031,ses-2,AP,ses-2/AP,0.072659746,0.013915275,False,False,False,False,False,False,False
sub-3031,ses-2,PA,ses-2/PA,0.109116405,0.08160639,False,False,False,False,False,False,False
sub-3032,ses-1,AP,ses-1/AP,0.02768061,0.25855982,False,False,False,False,False,False,False
sub-3032,ses-1,PA,ses-1/PA,0.020222269,0.15088153,False,False,False,False,False,False,False
sub-3032,ses-2,AP,ses-2/AP,0.031699397,0.18956691,False,False,False,False,False,False,False
sub-3032,ses-2,PA,ses-2/PA,0.018710025,0.21277978,False,False,False,False,False,False,False
sub-3034,ses-1,AP,ses-1/AP,0.121221706,0.13995263,False,False,False,False,False,False,False
sub-3034,ses-1,PA,ses-1/PA,0.0465338,0.22521909,False,False,False,False,False,False,False
sub-3034,ses-2,AP,ses-2/AP,0.07252958,0.21974094,False,False,False,False,False,False,False
sub-3034,ses-2,PA,ses-2/PA,0.0696495,0.41125092,False,False,False,False,False,False,False
sub-3035,ses-1,AP,ses-1/AP,0.039481983,0.24789585,False,False,False,False,False,False,False
sub-3035,ses-1,PA,ses-1/PA,0.03590101,0.25767577,False,False,False,False,False,False,False
sub-3035,ses-2,AP,ses-2/AP,0.1250085,0.023367232,False,False,False,False,False,False,False
sub-3035,ses-2,PA,ses-2/PA,0.046130322,0.21150506,False,False,False,False,False,False,False
sub-3039,ses-1,AP,ses-1/AP,0.094186075,0.19847196,False,False,False,False,False,False,False
sub-3039,ses-1,PA,ses-1/PA,0.08162508,0.22510886,False,False,False,False,True,False,True
sub-3039,ses-2,AP,ses-2/AP,0.10845542,0.087452605,False,False,False,False,False,False,False
sub-3039,ses-2,PA,ses-2/PA,0.07987641,0.17763515,False,False,False,False,False,False,False
sub-4002,ses-1,AP,ses-1/AP,0.17512852,-0.0914933,False,False,False,False,False,False,False
sub-4002,ses-1,PA,ses-1/PA,0.16102575,0.048386276,False,False,False,False,False,False,False
sub-4002,ses-2,AP,ses-2/AP,0.054069106,0.2876423,False,False,False,False,False,False,False
sub-4002,ses-2,PA,ses-2/PA,0.082122445,0.26486892,False,False,False,False,False,False,False
sub-4003,ses-1,AP,ses-1/AP,0.08216614,0.15915969,False,False,False,False,False,False,False
sub-4003,ses-1,PA,ses-1/PA,0.10745998,0.18892658,False,False,False,False,False,False,False
sub-4003,ses-2,AP,ses-2/AP,0.074030116,0.18862215,False,False,False,False,False,False,False
sub-4003,ses-2,PA,ses-2/PA,0.15401268,-0.064079985,False,False,False,False,False,False,False
sub-4004,ses-1,AP,ses-1/AP,0.32092258,-0.1111697,True,False,True,False,False,True,True
sub-4004,ses-1,PA,ses-1/PA,0.14020061,0.16711253,False,False,False,False,False,False,False
sub-4004,ses-2,AP,ses-2/AP,0.35038602,-0.18030564,True,False,True,False,False,True,True
sub-4004,ses-2,PA,ses-2/PA,0.40025574,-0.34215653,True,True,True,False,True,True,True
sub-4005,ses-1,AP,ses-1/AP,0.12351759,-0.00090770633,False,False,False,False,False,False,False
sub-4005,ses-1,PA,ses-1/PA,0.052937977,0.20162974,False,False,False,False,False,False,False
sub-4005,ses-2,AP,ses-2/AP,0.06896331,0.29004452,False,False,False,False,False,False,False
sub-4005,ses-2,PA,ses-2/PA,0.0374398,0.18355225,False,False,False,False,False,False,False
sub-4006,ses-1,AP,ses-1/AP,0.0360601,0.10027177,False,False,False,False,False,False,False
sub-4006,ses-1,PA,ses-1/PA,0.060910143,0.15908536,False,False,False,False,False,False,False
sub-4006,ses-2,AP,ses-2/AP,0.055805806,0.13303521,False,False,False,False,False,False,False
sub-4006,ses-2,PA,ses-2/PA,0.08349302,0.102721326,False,False,False,False,False,False,False
sub-4010,ses-1,AP,ses-1/AP,0.08895196,0.129853,False,False,False,False,False,False,False
sub-4010,ses-1,PA,ses-1/PA,0.123541854,0.124656595,False,False,False,False,False,False,False
sub-4010,ses-2,AP,ses-2/AP,0.20802489,0.08164516,False,False,False,False,False,False,False
sub-4010,ses-2,PA,ses-2/PA,0.32069138,-0.12924439,True,False,True,False,True,True,True
sub-4011,ses-1,AP,ses-1/AP,0.034039605,0.31546867,False,False,False,False,False,False,False
sub-4011,ses-1,PA,ses-1/PA,0.03292581,0.22803162,False,False,False,False,False,False,False
sub-4011,ses-2,AP,ses-2/AP,0.050360966,0.29860973,False,False,False,False,False,False,False
sub-4011,ses-2,PA,ses-2/PA,0.033581864,0.26529786,False,False,False,False,False,False,False
sub-4012,ses-1,AP,ses-1/AP,0.09400925,0.1261938,False,False,False,False,False,False,False
sub-4012,ses-1,PA,ses-1/PA,0.08443967,0.0081135435,False,False,False,False,False,False,False
sub-4012,ses-2,AP,ses-2/AP,0.060233373,0.21504937,False,False,False,False,False,False,False
sub-4012,ses-2,PA,ses-2/PA,0.052617017,0.10599372,False,False,False,False,False,False,False
sub-4014,ses-1,AP,ses-1/AP,0.123698995,0.017932456,False,False,False,False,False,False,False
sub-4014,ses-1,PA,ses-1/PA,0.069444686,0.12853183,False,False,False,False,False,False,False
sub-4014,ses-2,AP,ses-2/AP,0.14861771,0.049011916,False,False,False,False,False,False,False
sub-4014,ses-2,PA,ses-2/PA,0.049819417,0.18377842,False,False,False,False,False,False,False
sub-4015,ses-1,AP,ses-1/AP,0.067282505,0.26556343,False,False,False,False,False,False,False
sub-4015,ses-1,PA,ses-1/PA,0.06751128,0.21920498,False,False,False,False,False,False,False
sub-4015,ses-2,AP,ses-2/AP,0.0758296,0.16270679,False,False,False,False,False,False,False
sub-4015,ses-2,PA,ses-2/PA,0.09259973,0.11662241,False,False,False,False,False,False,False
sub-4018,ses-1,AP,ses-1/AP,0.046424586,0.18176048,False,False,False,False,False,False,False
sub-4018,ses-1,PA,ses-1/PA,0.029044854,0.3023241,False,False,False,False,False,False,False
sub-4018,ses-2,AP,ses-2/AP,0.04617127,0.3198673,False,False,False,False,False,False,False
sub-4018,ses-2,PA,ses-2/PA,0.045257054,0.30487216,False,False,False,False,False,False,False
sub-4022,ses-1,AP,ses-1/AP,0.08211777,0.16408399,False,False,False,False,False,False,False
sub-4022,ses-1,PA,ses-1/PA,0.09887039,0.2697998,False,False,False,False,False,False,False
sub-4022,ses-2,AP,ses-2/AP,0.07330937,0.114798956,False,False,False,False,False,False,False
sub-4022,ses-2,PA,ses-2/PA,0.07921497,0.14432114,False,False,False,False,False,False,False
sub-4023,ses-1,AP,ses-1/AP,0.06227942,0.109915756,False,False,False,False,False,False,False
sub-4023,ses-1,PA,ses-1/PA,0.058686335,0.16776033,False,False,False,False,False,False,False
sub-4023,ses-2,AP,ses-2/AP,0.04739792,0.200223,False,False,False,False,False,False,False
sub-4023,ses-2,PA,ses-2/PA,0.072167814,0.10770833,False,False,False,False,False,False,False
sub-4024,ses-1,AP,ses-1/AP,0.06414935,0.1279085,False,False,False,False,False,False,False
sub-4024,ses-1,PA,ses-1/PA,0.015876256,0.21154036,False,False,False,False,False,False,False
sub-4024,ses-2,AP,ses-2/AP,0.07465422,-0.022282755,False,False,False,False,False,False,False
sub-4024,ses-2,PA,ses-2/PA,0.03553549,0.23326711,False,False,False,False,False,False,False
sub-4027,ses-1,AP,ses-1/AP,0.1070545,0.14263797,False,False,False,False,False,False,False
sub-4027,ses-1,PA,ses-1/PA,0.25962207,-0.051250737,False,False,False,False,False,False,False
sub-4027,ses-2,AP,ses-2/AP,0.07759239,0.24171121,False,False,False,False,False,False,False
sub-4027,ses-2,PA,ses-2/PA,0.24622242,0.034499634,False,False,False,False,False,False,False
sub-4028,ses-1,AP,ses-1/AP,0.10495092,0.12627096,False,False,False,False,False,False,False
sub-4028,ses-1,PA,ses-1/PA,0.13824071,0.11656253,False,False,False,False,False,False,False
sub-4028,ses-2,AP,ses-2/AP,0.13758402,0.0770041,False,False,False,False,True,False,True
sub-4028,ses-2,PA,ses-2/PA,0.2214021,-0.095366545,False,False,False,True,True,True,True
sub-4029,ses-1,AP,ses-1/AP,0.14123523,0.035455823,False,False,False,False,False,False,False
sub-4029,ses-1,PA,ses-1/PA,0.1898348,-0.18252562,False,False,False,False,False,False,False
sub-4029,ses-2,AP,ses-2/AP,0.12141716,0.11101372,False,False,False,False,False,False,False
sub-4029,ses-2,PA,ses-2/PA,0.06896377,0.26377147,False,False,False,False,False,False,False
sub-4030,ses-1,AP,ses-1/AP,0.10641505,0.051787846,False,False,False,False,False,False,False
sub-4030,ses-1,PA,ses-1/PA,0.058695897,0.15013328,False,False,False,False,False,False,False
sub-4030,ses-2,AP,ses-2/AP,0.1071067,0.017138518,False,False,False,False,False,False,False
sub-4030,ses-2,PA,ses-2/PA,0.092997134,0.12258511,False,False,False,False,False,False,False
sub-4031,ses-1,AP,ses-1/AP,0.10823001,0.11027104,False,False,False,False,False,False,False
sub-4031,ses-1,PA,ses-1/PA,0.16244264,0.047295496,False,False,False,False,False,False,False
sub-4031,ses-2,AP,ses-2/AP,0.14214382,0.027778244,False,False,False,False,False,False,False
sub-4031,ses-2,PA,ses-2/PA,0.12942743,0.1471649,False,False,False,False,False,False,False
sub-4035,ses-1,AP,ses-1/AP,0.111886255,0.05428349,False,False,False,False,False,False,False
sub-4035,ses-1,PA,ses-1/PA,0.16130456,0.029474286,False,False,False,False,False,False,False
sub-4035,ses-2,AP,ses-2/AP,0.15952538,-0.030683106,False,False,False,False,False,False,False
sub-4035,ses-2,PA,ses-2/PA,0.14519289,0.07013333,False,False,False,False,False,False,False
sub-4036,ses-1,AP,ses-1/AP,0.23875572,-0.19997728,False,False,False,False,False,False,False
sub-4036,ses-1,PA,ses-1/PA,0.22268693,0.003602893,False,False,False,False,False,False,False
sub-4036,ses-2,AP,ses-2/AP,0.15067667,0.078463465,False,False,False,False,False,False,False
sub-4036,ses-2,PA,ses-2/PA,0.13429148,0.044839043,False,False,False,False,False,False,False
sub-4037,ses-1,AP,ses-1/AP,0.05391816,0.18029624,False,False,False,False,False,False,False
sub-4037,ses-1,PA,ses-1/PA,0.09632786,0.05149596,False,False,False,False,False,False,False
sub-4037,ses-2,AP,ses-2/AP,0.05025306,0.17137827,False,False,False,False,False,False,False
sub-4037,ses-2,PA,ses-2/PA,0.08696847,0.2207694,False,False,False,False,False,False,False
sub-4038,ses-1,AP,ses-1/AP,0.1389254,0.12884767,False,False,False,False,False,False,False
sub-4038,ses-1,PA,ses-1/PA,0.24827561,-0.07365115,False,False,False,False,False,False,False
sub-4038,ses-2,AP,ses-2/AP,0.25891995,-0.08859999,False,False,False,False,False,False,False
sub-4038,ses-2,PA,ses-2/PA,0.1766728,0.047969986,False,False,False,False,False,False,False
sub-4047,ses-1,AP,ses-1/AP,0.06256284,0.2537666,False,False,False,False,False,False,False
sub-4047,ses-1,PA,ses-1/PA,0.045662254,0.11246695,False,False,False,False,False,False,False
sub-4047,ses-2,AP,ses-2/AP,0.050750814,0.14983927,False,False,False,False,False,False,False
sub-4047,ses-2,PA,ses-2/PA,0.045993593,0.22873665,False,False,False,False,False,False,False
sub-4048,ses-1,AP,ses-1/AP,0.04286547,0.25402576,False,False,False,False,False,False,False
sub-4048,ses-1,PA,ses-1/PA,0.06473242,0.23844483,False,False,False,False,False,False,False
sub-4048,ses-2,AP,ses-2/AP,0.046010997,0.30979884,False,False,False,False,False,False,False
sub-4048,ses-2,PA,ses-2/PA,0.08464021,0.25401327,False,False,False,False,False,False,False
sub-4049,ses-1,AP,ses-1/AP,0.060444638,0.33824185,False,False,False,False,False,False,False
sub-4049,ses-1,PA,ses-1/PA,0.090525605,0.28360605,False,False,False,False,False,False,False
sub-4049,ses-2,AP,ses-2/AP,0.08255212,0.22017199,False,False,False,False,False,False,False
sub-4049,ses-2,PA,ses-2/PA,0.11657525,0.11246881,False,False,False,False,False,False,False
sub-4050,ses-1,AP,ses-1/AP,0.09723536,0.08170878,False,False,False,False,False,False,False
sub-4050,ses-1,PA,ses-1/PA,0.06086559,0.34398106,False,False,False,False,False,False,False
sub-4050,ses-2,AP,ses-2/AP,0.112994745,0.00040347708,False,False,False,False,False,False,False
sub-4050,ses-2,PA,ses-2/PA,0.07373948,0.26514557,False,False,False,False,False,False,False
sub-4052,ses-1,AP,ses-1/AP,0.19303063,-0.050581824,False,False,False,False,False,False,False
sub-4052,ses-1,PA,ses-1/PA,0.35261703,-0.29948676,True,False,True,False,True,True,True
sub-4052,ses-2,AP,ses-2/AP,0.19712338,-0.12398551,False,False,False,True,False,True,True
sub-4052,ses-2,PA,ses-2/PA,0.2106247,-0.16282746,False,False,False,False,False,False,False
sub-4053,ses-1,AP,ses-1/AP,0.07541332,0.0771692,False,False,False,False,False,False,False
sub-4053,ses-1,PA,ses-1/PA,0.08795813,0.04178825,False,False,False,False,False,False,False
sub-4053,ses-2,AP,ses-2/AP,0.036300212,0.13773422,False,False,False,False,False,False,False
sub-4053,ses-2,PA,ses-2/PA,0.061219905,0.17662461,False,False,False,False,False,False,False
sub-4057,ses-1,AP,ses-1/AP,0.43171716,-0.54722786,True,True,True,False,False,True,True
sub-4057,ses-1,PA,ses-1/PA,0.21359369,-0.06727098,False,False,False,False,False,False,False
sub-4057,ses-2,AP,ses-2/AP,0.32612708,-0.3739169,True,True,True,False,False,True,True
sub-4057,ses-2,PA,ses-2/PA,0.253416,0.02054841,False,False,False,False,False,False,False
sub-4059,ses-1,AP,ses-1/AP,0.056523617,0.12730135,False,False,False,False,False,False,False
sub-4059,ses-1,PA,ses-1/PA,0.046964176,0.26425278,False,False,False,False,False,False,False
sub-4059,ses-2,AP,ses-2/AP,0.13288604,0.16636364,False,False,False,False,False,False,False
sub-4059,ses-2,PA,ses-2/PA,0.06270853,0.12904571,False,False,False,False,False,False,False
sub-4063,ses-1,AP,ses-1/AP,0.058824554,0.2703752,False,False,False,False,False,False,False
sub-4063,ses-1,PA,ses-1/PA,0.036903165,0.37904578,False,False,False,False,False,False,False
sub-4063,ses-2,AP,ses-2/AP,0.05944983,0.13293384,False,False,False,False,False,False,False
sub-4063,ses-2,PA,ses-2/PA,0.0674708,0.25493962,False,False,False,False,False,False,False
sub-4064,ses-1,AP,ses-1/AP,0.06523307,0.15842022,False,False,False,False,False,False,False
sub-4064,ses-1,PA,ses-1/PA,0.112207524,0.23361506,False,False,False,False,False,False,False
sub-4064,ses-2,AP,ses-2/AP,0.06893526,0.22387825,False,False,False,False,False,False,False
sub-4064,ses-2,PA,ses-2/PA,0.10767666,0.010734396,False,False,False,False,False,False,False
sub-4065,ses-1,AP,ses-1/AP,0.2135462,-0.0367187,False,False,False,True,False,True,True
sub-4065,ses-1,PA,ses-1/PA,0.15809022,0.14836372,False,False,False,False,False,False,False
sub-4065,ses-2,AP,ses-2/AP,0.16297361,-0.04609624,False,False,False,False,False,False,False
sub-4065,ses-2,PA,ses-2/PA,0.19925833,0.025913324,False,False,False,False,False,False,False
sub-4066,ses-1,AP,ses-1/AP,0.11531023,0.032906737,False,False,False,False,False,False,False
sub-4066,ses-1,PA,ses-1/PA,0.11726523,0.13422272,False,False,False,False,False,False,False
sub-4066,ses-2,AP,ses-2/AP,0.09464343,-0.100546755,False,False,False,False,False,False,False
sub-4066,ses-2,PA,ses-2/PA,0.12851748,-0.027966041,False,False,False,False,False,False,False
sub-4069,ses-1,AP,ses-1/AP,0.17847385,0.081512615,False,False,False,False,False,False,False
sub-4069,ses-1,PA,ses-1/PA,0.24157308,-0.10158784,False,False,False,False,False,False,False
sub-4069,ses-2,AP,ses-2/AP,0.18231927,-0.070769995,False,False,False,False,False,False,False
sub-4069,ses-2,PA,ses-2/PA,0.16053395,-0.102725595,False,False,False,False,False,False,False
sub-4071,ses-1,AP,ses-1/AP,0.12929738,0.28608575,False,False,False,False,False,False,False
sub-4071,ses-1,PA,ses-1/PA,0.15267283,0.12350446,False,False,False,False,True,False,True
sub-4071,ses-2,AP,ses-2/AP,0.08555914,0.18764514,False,False,False,False,False,False,False
sub-4071,ses-2,PA,ses-2/PA,0.07387523,0.15118328,False,False,False,False,False,False,False
sub-4072,ses-1,AP,ses-1/AP,0.06361519,0.14387873,False,False,False,False,False,False,False
sub-4072,ses-1,PA,ses-1/PA,0.06588058,0.2665633,False,False,False,False,False,False,False
sub-4072,ses-2,AP,ses-2/AP,0.06458248,0.16067682,False,False,False,False,False,False,False
sub-4072,ses-2,PA,ses-2/PA,0.06810553,0.23678724,False,False,False,False,False,False,False
sub-4074,ses-1,AP,ses-1/AP,0.08344285,0.0909789,False,False,False,False,False,False,False
sub-4074,ses-1,PA,ses-1/PA,0.092439376,0.16887884,False,False,False,False,False,False,False
sub-4074,ses-2,AP,ses-2/AP,0.11170571,0.21636154,False,False,False,False,False,False,False
sub-4074,ses-2,PA,ses-2/PA,0.090950206,0.15205194,False,False,False,False,False,False,False
sub-4075,ses-1,AP,ses-1/AP,0.07996763,0.084633276,False,False,False,False,False,False,False
sub-4075,ses-1,PA,ses-1/PA,0.08554367,0.06707559,False,False,False,False,False,False,False
sub-4075,ses-2,AP,ses-2/AP,0.11499753,0.10704195,False,False,False,False,False,False,False
sub-4075,ses-2,PA,ses-2/PA,0.07007938,0.1109643,False,False,False,False,False,False,False
sub-4088,ses-1,AP,ses-1/AP,0.047204923,0.19045547,False,False,False,False,False,False,False
sub-4088,ses-1,PA,ses-1/PA,0.054531414,0.09933694,False,False,False,False,False,False,False
sub-4088,ses-2,AP,ses-2/AP,0.13570416,-0.020653874,False,False,False,False,True,False,True
sub-4088,ses-2,PA,ses-2/PA,0.06582359,0.21753104,False,False,False,False,False,False,False
sub-4091,ses-1,AP,ses-1/AP,0.15068345,0.013087742,False,False,False,False,False,False,False
sub-4091,ses-1,PA,ses-1/PA,0.09466043,0.19178706,False,False,False,False,False,False,False
sub-4091,ses-2,AP,ses-2/AP,0.06921193,0.1939092,False,False,False,False,True,False,True
sub-4091,ses-2,PA,ses-2/PA,0.0848153,0.11654934,False,False,False,False,True,False,True
